﻿<?xml version="1.0" encoding="UTF-8" standalone="yes"?>
<addon id="plugin.video.xttmcextra" name="[COLOR lightblue]XTT[/COLOR][COLOR red]MC[/COLOR]EXTRA" version="18.06.18.0" provider-name="[COLOR dimgray]XTT[/COLOR]MCEXTRA">

    <requires>
		<import addon="xbmc.python" version="2.1.0" />
        <import addon="script.module.beautifulsoup"/>
    </requires>
    
    <extension point="xbmc.python.pluginsource" provides="video" library="XTTMCEXTRA.py">
        <provides>video</provides>
    </extension>
  
    <extension point="xbmc.addon.metadata">
		<summary>[COLOR lightblue]XTT[/COLOR]MCEXTRA</summary>
		<description>Turkce kaynakli [COLOR lightblue]TV, SINEMA, DIZI, BELGESEL, MUZIK[/COLOR] ve dahasi...</description>
		<disclaimer>[COLOR lightblue]XTT[/COLOR]MCEXTRA telif hakki ile korunan hicbir medyayi yayinlamaz.Link vermez. Tum yayinlar muhtelif web sitelerinden alinmaktadir.</disclaimer>
		<platform>all</platform>
    </extension>
</addon>